date,y_true,y_pred,smog_season,fold
2020-03-11,58.5,43.18947717149544,0,0
2020-03-12,22.3,92.78562787471982,0,0
2020-03-13,30.9,45.79724560763948,0,0
2020-03-14,96.4,56.4293848583833,0,0
2020-03-15,128.0,102.47663876605084,0,0
2020-03-16,101.0,86.13781976316436,0,0
2020-03-17,92.8,118.55553057945455,0,0
2020-03-18,100.0,127.45102136731244,0,0
2020-03-19,113.0,117.28342003361163,0,0
2020-03-20,180.0,124.55854702968416,0,0
2020-03-21,74.4,79.54527500378381,0,0
2020-03-22,181.0,82.520241169497,0,0
2020-03-24,55.4,63.77825797982956,0,0
2020-03-25,30.3,101.68795194184877,0,0
2020-03-26,32.9,124.87777979560536,0,0
2020-03-27,14.1,75.88538360969862,0,0
2020-03-28,21.4,106.2830546520188,0,0
2020-03-29,39.8,83.10056721485692,0,0
2020-03-30,36.2,86.79340873884071,0,0
2020-03-31,34.8,81.52333182835287,0,0
2020-04-01,23.3,97.22838071627017,0,0
2020-04-02,16.7,89.98834445802385,0,0
2020-04-03,36.5,85.86596999457247,0,0
2020-04-04,43.8,98.6125751191537,0,0
2020-04-05,55.7,102.46376448903236,0,0
2020-04-06,18.8,91.1749329826972,0,0
2020-04-08,22.5,91.4877577076576,0,0
2020-04-09,72.9,118.39734866455412,0,0
2020-04-10,20.9,117.27690176335489,0,0
2020-04-11,32.9,99.70810060360073,0,0
2020-04-12,42.3,82.56545548640783,0,0
2020-04-13,66.8,94.61968083640608,0,0
2020-04-14,54.2,98.46015117261382,0,0
2020-04-15,57.8,97.28958692942255,0,0
2020-04-16,39.8,117.51964669330692,0,0
2020-04-17,33.6,90.9911822314727,0,0
2020-04-18,17.8,78.48834538556483,0,0
2020-04-19,26.8,92.07117826392592,0,0
2020-04-20,33.6,110.20063593045212,0,0
2020-04-21,34.1,94.20640902037309,0,0
2020-04-22,91.5,70.49366841162347,0,0
2020-04-23,65.0,84.41080295690561,0,0
2020-04-26,55.0,101.35703878059036,0,0
2020-04-27,17.8,80.8693510154982,0,0
2020-04-28,34.3,100.92483628099173,0,0
2020-04-29,52.5,97.97187969006004,0,0
2020-04-30,49.5,104.74430911258467,0,0
2020-05-01,93.9,105.95810614200948,0,0
2020-05-02,51.3,84.46339521660315,0,0
2020-05-04,46.8,92.62044013110122,0,0
2020-05-05,50.1,85.43594762652259,0,0
2020-05-06,125.0,104.88188154349912,0,0
2020-05-08,74.5,107.61725419553792,0,0
2020-05-13,42.3,86.09856227613146,0,0
2020-05-14,57.9,100.958685701233,0,0
2020-05-15,58.1,103.6397317988797,0,0
2020-05-16,132.0,102.72354126873792,0,0
2020-05-18,68.9,104.31982474258616,0,0
2020-05-19,144.0,159.1246381313933,0,0
2020-05-20,48.5,137.8810598747158,0,0
2020-05-21,70.2,132.16408504815792,0,0
2020-05-22,85.5,141.3830886462133,0,0
2020-05-23,73.4,95.4990177091116,0,0
2020-05-24,67.5,106.86451504091742,0,0
2020-05-25,43.9,88.89865844400737,0,0
2020-05-26,70.5,134.28431207018954,0,0
2020-05-27,37.2,112.9026292204629,0,0
2020-05-28,37.6,130.18321417996694,0,0
2020-05-29,35.5,67.95182995294087,0,0
2020-05-31,38.2,53.24079719976897,0,0
2020-06-01,35.0,62.44558957950923,0,0
2020-06-02,39.0,86.29318792400754,0,0
2020-06-03,58.3,87.13161008804458,0,0
2020-06-04,49.8,70.56528196604202,0,0
2020-06-05,55.0,58.54924605211303,0,0
2020-06-07,79.2,73.84037917898816,0,0
2020-06-08,72.6,71.94204463760622,0,0
2020-06-09,102.0,56.11277231997307,0,0
2020-06-10,85.0,50.33278304842278,0,0
2020-06-11,90.6,60.02079731916948,0,0
2020-06-12,66.7,70.73856996811213,0,0
2020-06-13,62.5,58.8126720213624,0,0
2020-06-14,84.0,73.41309220908369,0,0
2020-06-15,103.0,86.78550643043086,0,0
2020-06-16,78.4,99.18742637716896,0,0
2020-06-17,68.6,94.09993479766275,0,0
2020-06-18,61.6,80.02781267800309,0,0
2020-06-19,61.3,70.60163193802454,0,0
2020-06-20,83.1,106.1590625248964,0,0
2020-06-21,69.2,63.38804683680367,0,0
2020-06-22,41.6,85.85221098310379,0,0
2020-06-23,58.2,112.47960312467146,0,0
2020-06-24,48.5,60.447851490859,0,0
2020-06-25,44.8,83.54165072247082,0,0
2020-06-26,42.4,81.27922246682733,0,0
2020-06-27,60.5,88.39701133394172,0,0
2020-06-28,56.1,63.46061772314109,0,0
2020-06-29,32.0,39.26363733287336,0,0
2020-06-30,86.6,60.84747989571915,0,0
2020-07-01,67.1,84.88945420966498,0,0
2020-07-02,59.3,63.36414763058463,0,0
2020-07-03,63.1,91.0489183644518,0,0
2020-07-04,49.5,78.89136775556139,0,0
2020-07-08,17.3,66.462055508757,0,0
2020-07-09,38.5,84.63727794179347,0,0
2020-07-10,48.9,91.76874619430328,0,0
2020-07-12,16.0,46.608921395707625,0,0
2020-07-13,46.9,103.6794064056815,0,0
2020-07-14,48.0,78.37940576634362,0,0
2020-07-15,40.2,60.78589511081065,0,0
2020-07-16,88.3,48.12764189138122,0,0
2020-07-17,61.3,63.03243844262712,0,0
2020-07-18,56.2,61.59091126316814,0,0
2020-07-19,33.4,56.07790190628237,0,0
2020-07-20,22.6,67.96943204947847,0,0
2020-07-21,26.0,33.72324927460753,0,0
2020-07-22,59.5,85.97999615878331,0,0
2020-07-23,65.5,48.72408191649535,0,0
2020-07-24,48.1,56.497723651804144,0,0
2020-07-25,39.1,58.97413297637349,0,0
2020-07-26,31.3,63.43467602480349,0,0
2020-07-27,49.5,95.84588268610894,0,0
2020-07-28,32.7,81.15459182142216,0,0
2020-07-29,28.7,61.76166216246688,0,0
2020-07-30,18.5,64.11344291120376,0,0
2020-08-03,24.6,46.98782792955826,0,0
2020-08-06,24.2,46.99831905305727,0,0
2020-08-07,14.0,57.72348181650454,0,0
2020-08-08,35.7,71.69360962971422,0,0
2020-08-09,39.2,50.656048797918345,0,0
2020-08-10,29.3,36.04989292822847,0,0
2020-08-11,66.5,66.56674879442352,0,0
2020-08-12,31.5,52.70098016595927,0,0
2020-08-13,34.9,51.89207606284888,0,0
2020-08-14,16.4,51.523264309587645,0,0
2020-08-15,22.3,54.05525900501196,0,0
2020-08-16,35.3,71.52309272632222,0,0
2020-08-17,31.4,91.0933065078223,0,0
2020-08-18,44.0,46.38304886647819,0,0
2020-08-19,23.8,38.07456302587218,0,0
2020-08-20,18.4,36.43677904005535,0,0
2020-08-21,20.5,33.42146012808774,0,0
2020-08-22,70.1,62.59582152160484,0,0
2020-08-23,35.2,43.99416980571707,0,0
2020-08-24,14.3,55.622388746925424,0,0
2020-08-25,16.3,52.448569440092456,0,0
2020-08-26,17.4,57.5118921302659,0,0
2020-08-27,14.8,48.736136758493714,0,0
2020-08-28,36.7,32.3707535910542,0,0
2020-08-29,28.8,42.38420913332001,0,0
2020-08-30,31.0,45.89035823088416,0,0
2020-08-31,15.4,48.25081673231594,0,0
2020-09-01,14.2,55.48145604493402,0,0
2020-09-02,20.5,67.13650640725328,0,0
2020-09-03,14.4,43.8697985532752,0,0
2020-09-05,86.5,65.56209263049759,0,0
2020-09-06,42.6,55.532333843287766,0,0
2020-09-07,81.8,73.97802155235325,0,0
2020-09-08,60.0,70.66138408628224,0,0
2020-09-09,60.4,85.9239027893549,0,0
2020-09-10,68.3,71.85169625497768,0,0
2020-09-11,52.3,63.45466031155373,0,0
2020-09-12,52.8,65.01963891976494,0,0
2020-09-13,57.1,71.56298172107849,0,0
2020-09-14,60.0,81.28847521543611,0,0
2020-09-15,56.2,73.97479848165166,0,0
2020-09-16,54.3,101.3263107108242,0,0
2020-09-17,57.2,55.16404215300442,0,0
2020-09-18,62.6,130.2558848974144,0,0
2020-09-19,60.1,95.6714727493917,0,0
2020-09-20,58.1,71.48356608291792,0,0
2020-09-21,70.6,72.2448720357344,0,0
2020-09-22,79.8,136.01634880480884,0,0
2020-09-23,86.0,84.33777785699678,0,0
2020-09-24,86.2,87.11828815071335,0,0
2020-09-25,77.8,122.96971585368846,0,0
2020-09-26,66.9,99.468185675885,0,0
2020-09-27,85.4,76.16819925212776,0,0
2020-09-28,135.0,102.09116410722513,0,0
2020-09-29,107.0,83.25548482562962,0,0
2020-09-30,61.1,71.9043796673272,0,0
2020-10-01,120.0,119.63995446234917,1,0
2020-10-02,99.2,116.87523728037512,1,0
2020-10-03,91.3,128.72087987393564,1,0
2020-10-06,101.0,160.47549504622015,1,0
2020-10-07,91.8,191.2982358352119,1,0
2020-10-08,73.4,167.97488856926114,1,0
2020-10-09,118.0,152.7189184180576,1,0
2020-10-10,128.0,122.81360205227368,1,0
2020-10-11,82.5,133.84539328476194,1,0
2020-10-12,127.0,123.15477185157972,1,0
2020-10-13,180.0,235.7836492162924,1,0
2020-10-14,137.0,131.37698190464363,1,0
2020-10-15,133.0,94.82901865506204,1,0
2020-10-16,137.0,151.17252435336854,1,0
2020-10-17,186.0,191.1130226153045,1,0
2020-10-18,124.0,187.8804499472872,1,0
2020-10-19,130.0,173.05442003637253,1,0
2020-10-20,193.0,209.75804000561695,1,0
2020-10-21,240.0,255.86412349600792,1,0
2020-10-22,228.0,194.4461491123938,1,0
2020-10-23,190.0,255.1281526087949,1,0
2020-10-24,198.0,226.94703821359136,1,0
2020-10-25,195.0,221.82938410260925,1,0
2020-10-26,122.0,112.94141910567092,1,0
2020-10-27,133.0,112.96993927016348,1,0
2020-10-28,195.0,250.41739667814485,1,0
2020-10-29,259.0,291.79370688101864,1,0
2020-10-30,296.0,209.43677253646857,1,0
2020-10-31,165.0,183.5824907380189,1,0
2020-11-01,160.0,139.33657909862947,1,0
2020-11-02,187.0,171.69913385005654,1,0
2020-11-04,179.0,213.9661515231789,1,0
2020-11-05,311.0,216.2140062993194,1,0
2020-11-06,323.0,213.43221201450197,1,0
2020-11-07,179.0,197.21862507571387,1,0
2020-11-08,217.0,223.4186958079069,1,0
2020-11-09,382.0,251.21960288241297,1,0
2020-11-10,377.0,212.3655530200109,1,0
2020-11-11,392.0,252.59766654651185,1,0
2020-11-12,334.0,246.61039216534817,1,0
2020-11-13,380.0,231.159685095222,1,0
2020-11-14,441.0,299.72905870749355,1,0
2020-11-15,218.0,174.69968046610563,1,0
2020-11-16,107.0,181.85804175098488,1,0
2020-11-17,91.3,91.35660623949728,1,0
2020-11-18,149.0,132.54718940848525,1,0
2020-11-19,198.0,208.2081845514125,1,0
2020-11-20,196.0,185.2553996898543,1,0
2020-11-21,136.0,167.75848457684938,1,0
2020-11-23,273.0,254.11356687339904,1,0
2020-11-24,110.0,236.08894349050877,1,0
2020-11-25,234.0,149.2727340401645,1,0
2020-11-26,118.0,114.69409509493894,1,0
2020-11-27,92.6,180.85817736924392,1,0
2020-11-28,164.0,176.42797078892505,1,0
2020-11-29,229.0,233.14924033545705,1,0
2020-11-30,327.0,284.95327515538446,1,0
2020-12-01,279.0,299.9304192592905,1,0
2020-12-02,165.0,274.04651059695834,1,0
2020-12-04,294.0,251.3287986437837,1,0
2020-12-06,377.0,291.4965485385139,1,0
2020-12-07,233.0,238.35860410958043,1,0
2020-12-08,223.0,267.2841034505672,1,0
2020-12-09,165.0,249.7317920919129,1,0
2020-12-10,183.0,190.1002472486916,1,0
2020-12-13,67.2,102.2266010687055,1,0
2020-12-14,106.0,133.1453923001485,1,0
2020-12-15,128.0,146.2214209519299,1,0
2020-12-16,154.0,148.98122846241438,1,0
2020-12-17,286.0,207.77556709898371,1,0
2020-12-18,227.0,207.22872143946765,1,0
2020-12-20,253.0,176.80955191736624,1,0
2020-12-23,372.0,291.0937444063375,1,0
2020-12-24,402.0,326.3869396825336,1,0
2020-12-25,410.0,266.05921997847213,1,0
2020-12-26,315.0,259.0622691458378,1,0
2020-12-27,122.0,181.1643069067505,1,0
2020-12-28,152.0,213.1836500711599,1,0
2020-12-29,208.0,213.3503086157081,1,0
2020-12-30,308.0,278.8397376796743,1,0
2020-12-31,359.0,232.1853658443942,1,0
2021-01-01,319.0,271.2528977114474,1,0
2021-01-03,178.0,206.7958591070515,1,0
2021-01-04,134.0,193.12574765182936,1,0
2021-01-05,65.8,171.86419102425816,1,0
2021-01-06,66.0,165.4781182227363,1,0
2021-01-07,112.0,139.38562981037146,1,0
2021-01-08,129.0,148.74498235206025,1,0
2021-01-09,177.0,166.26908699812293,1,0
2021-01-10,164.0,160.69686423152558,1,0
2021-01-11,329.0,214.38042537175505,1,0
2021-01-12,249.0,182.5568960963156,1,0
2021-01-13,266.0,177.89281363307035,1,0
2021-01-14,238.0,246.11049287719945,1,0
2021-01-15,338.0,196.31285936123612,1,0
2021-01-16,272.0,240.28904670429924,1,1
2021-01-17,195.0,270.8778921107245,1,1
2021-01-18,238.0,308.05378550220263,1,1
2021-01-19,202.0,218.32196064500607,1,1
2021-01-20,172.0,220.29210308001623,1,1
2021-01-21,210.0,234.66639992390623,1,1
2021-01-22,175.0,164.62944892566185,1,1
2021-01-23,230.0,187.56540347851023,1,1
2021-01-24,170.0,192.95961925615137,1,1
2021-01-25,178.0,207.68176055943076,1,1
2021-01-26,175.0,165.55002838472728,1,1
2021-01-27,208.0,196.37078106590087,1,1
2021-01-28,181.0,198.979958416894,1,1
2021-01-29,200.0,158.71094057187693,1,1
2021-01-30,164.0,160.59171004617556,1,1
2021-01-31,236.0,248.2564318065205,1,1
2021-02-02,321.0,142.73559749104498,0,1
2021-02-03,219.0,84.89581525235955,0,1
2021-02-04,71.2,75.25593067903566,0,1
2021-02-05,91.5,77.4741481961726,0,1
2021-02-06,175.0,56.07969215400048,0,1
2021-02-07,137.0,67.72712196474009,0,1
2021-02-08,173.0,142.43867062494866,0,1
2021-02-09,219.0,139.2555151867045,0,1
2021-02-10,318.0,146.44852961282265,0,1
2021-02-11,331.0,157.13867322176196,0,1
2021-02-12,335.0,158.2468142375532,0,1
2021-02-13,165.0,137.8151086878853,0,1
2021-02-14,261.0,138.4327261703709,0,1
2021-02-16,379.0,161.392528487771,0,1
2021-02-17,382.0,199.76558370041965,0,1
2021-02-18,239.0,167.28943719971454,0,1
2021-02-21,276.0,154.13119565366048,0,1
2021-02-22,173.0,150.5088928116819,0,1
2021-02-23,102.0,111.71730562201142,0,1
2021-02-24,213.0,125.55287221312516,0,1
2021-02-25,138.0,141.5384490366845,0,1
2021-02-26,107.0,110.29043919742846,0,1
2021-03-01,82.0,124.89496921425192,0,1
2021-03-02,87.2,108.4395515820767,0,1
2021-03-04,137.0,130.23926696652018,0,1
2021-03-05,104.0,107.81585543685368,0,1
2021-03-06,104.0,83.92498092920542,0,1
2021-03-07,53.4,113.43510742269592,0,1
2021-03-08,58.1,109.68558444572896,0,1
2021-03-10,187.0,126.0725579230925,0,1
2021-03-11,83.7,121.81185392641792,0,1
2021-03-12,44.0,102.90652743735134,0,1
2021-03-13,60.7,93.00249404778978,0,1
2021-03-14,92.2,125.98447634877604,0,1
2021-03-15,69.8,99.93006291894284,0,1
2021-03-17,127.0,91.7531551839634,0,1
2021-03-18,147.0,108.62450780306656,0,1
2021-03-19,69.5,114.21719007025584,0,1
2021-03-20,106.0,111.37693321228689,0,1
2021-03-21,77.8,82.62844326433614,0,1
2021-03-22,65.7,92.44112304375432,0,1
2021-03-23,32.1,56.98341992674544,0,1
2021-03-24,57.8,48.12845591087101,0,1
2021-03-25,70.9,94.82505832176196,0,1
2021-03-26,81.0,90.78751090814497,0,1
2021-03-27,107.0,109.52884332927836,0,1
2021-03-29,91.0,90.47345660360848,0,1
2021-03-30,130.0,82.20834538809531,0,1
2021-04-01,41.2,84.12386999430495,0,1
2021-04-03,106.0,87.7013112211387,0,1
2021-04-05,75.6,72.02978861697075,0,1
2021-04-06,74.8,54.67382794328736,0,1
2021-04-07,52.9,38.733715317837664,0,1
2021-04-08,57.1,43.423225081219954,0,1
2021-04-10,83.0,66.40858128044758,0,1
2021-04-12,52.0,82.09665267078599,0,1
2021-04-14,76.5,92.768272343139,0,1
2021-04-15,59.8,74.59659689026601,0,1
2021-04-16,41.2,59.17908190128637,0,1
2021-04-17,48.9,77.31955094421753,0,1
2021-04-18,56.4,66.78107299457,0,1
2021-04-19,74.9,62.55421944394339,0,1
2021-04-20,87.1,63.259693131828776,0,1
2021-04-21,58.0,63.14380603958942,0,1
2021-04-22,38.2,20.97377104378301,0,1
2021-04-23,26.0,26.419970728346893,0,1
2021-04-28,125.0,100.57611713718887,0,1
2021-04-29,92.7,95.22953677323628,0,1
2021-05-01,67.5,94.03475896313498,0,1
2021-05-03,55.7,108.71656132207472,0,1
2021-05-04,66.5,116.0541407936126,0,1
2021-05-05,61.6,96.47423408715436,0,1
2021-05-06,71.7,103.70607539072462,0,1
2021-05-07,71.8,102.46444512909731,0,1
2021-05-08,75.9,102.43124974740115,0,1
2021-05-09,93.1,122.89153329054491,0,1
2021-05-10,88.1,104.32270001043922,0,1
2021-05-11,44.0,85.27156103351878,0,1
2021-05-12,54.1,96.54332104136654,0,1
2021-05-13,28.6,58.2052262368735,0,1
2021-05-17,50.9,47.84881148944851,0,1
2021-05-18,52.5,62.57115677231695,0,1
2021-05-19,48.4,71.16088807997231,0,1
2021-05-20,48.7,52.08819603351437,0,1
2021-05-21,26.8,54.42163743958679,0,1
2021-05-22,39.5,75.6995932955221,0,1
2021-05-27,58.6,97.8069005155066,0,1
2021-05-28,90.6,91.9044140123394,0,1
2021-05-29,83.8,78.63420191650549,0,1
2021-05-31,72.7,62.89046494534858,0,1
2021-06-03,52.8,57.65767572572548,0,1
2021-06-04,69.6,62.35718152198989,0,1
2021-06-05,47.4,68.44677725284967,0,1
2021-06-06,45.8,52.860655043373534,0,1
2021-06-07,51.3,62.08301915158663,0,1
2021-06-10,70.2,79.29961252759139,0,1
2021-06-13,29.4,49.21951498642581,0,1
2021-06-14,44.5,53.25081075890488,0,1
2021-06-15,68.0,57.95520269187074,0,1
2021-06-19,42.0,72.39493694968495,0,1
2021-06-20,24.0,64.15096600139243,0,1
2021-06-21,39.5,74.94834772934729,0,1
2021-06-22,46.0,84.19055304643967,0,1
2021-06-23,67.0,82.1133070215898,0,1
2021-06-24,61.4,77.24091273814986,0,1
2021-06-27,1.0,64.1581252175956,0,1
2021-07-03,1.0,83.2288074353713,0,1
2021-07-08,0.5,78.4581184510214,0,1
2021-07-09,59.5,88.36239665945243,0,1
2021-07-13,38.9,60.69184847937971,0,1
2021-07-14,43.8,58.15902094228223,0,1
2021-07-15,34.7,58.80494175275006,0,1
2021-07-16,35.9,46.7486307541908,0,1
2021-07-18,66.2,63.40196075642524,0,1
2021-07-19,40.0,38.20751568949182,0,1
2021-07-20,19.0,48.6712291607646,0,1
2021-07-21,30.7,53.558635572346745,0,1
2021-07-22,44.2,53.628683526471065,0,1
2021-07-23,40.7,44.069134997867245,0,1
2021-07-24,43.9,56.87189538133414,0,1
2021-08-04,40.4,67.61097933970805,0,1
2021-08-06,46.0,59.959712050472646,0,1
2021-08-10,59.9,72.68130916512347,0,1
2021-08-11,62.3,62.7067340991218,0,1
2021-08-12,57.0,61.90840635131392,0,1
2021-08-13,56.7,64.42412903937397,0,1
2021-08-14,77.0,53.09130391470463,0,1
2021-08-15,51.9,53.58026554639288,0,1
2021-08-16,66.6,72.40113208016516,0,1
2021-08-17,63.8,57.19446772483159,0,1
2021-08-18,63.0,72.40720670110014,0,1
2021-08-20,62.8,81.4747463284172,0,1
2021-08-21,49.9,58.47782922475249,0,1
2021-08-22,34.1,55.30725751566358,0,1
2021-08-23,78.3,70.59693836852496,0,1
2021-08-24,67.8,85.21414705452652,0,1
2021-08-25,64.5,59.614955485338136,0,1
2021-08-26,76.5,51.456022908933726,0,1
2021-08-27,66.6,74.18052287024202,0,1
2021-08-28,60.5,67.4749030544938,0,1
2021-08-29,59.1,69.69676809012489,0,1
2021-08-31,44.4,63.15901214599042,0,1
2021-09-01,34.4,58.037932667027896,0,1
2021-09-09,84.5,73.0072730302498,0,1
2021-09-10,47.8,45.22441084954377,0,1
2021-09-11,59.2,36.7517107495853,0,1
2021-09-12,55.0,60.386016809361486,0,1
2021-09-13,85.6,70.95454553867812,0,1
2021-09-14,62.3,48.66423782070795,0,1
2021-09-15,67.7,40.79791554029578,0,1
2021-09-16,48.3,55.80775307064231,0,1
2021-09-17,23.8,56.17618392274397,0,1
2021-09-18,45.1,65.7653161430593,0,1
2021-09-19,57.1,55.67425543095775,0,1
2021-09-20,78.9,52.86131039449892,0,1
2021-09-21,56.2,46.02428664158696,0,1
2021-09-22,66.2,31.21889730585673,0,1
2021-09-23,32.4,40.14574535806822,0,1
2021-09-24,53.6,56.24677686455426,0,1
2021-09-25,122.0,74.99043032926235,0,1
2021-09-26,146.0,85.01913478426388,0,1
2021-09-27,88.8,85.29606121100872,0,1
2021-09-28,101.0,80.33836899264563,0,1
2021-09-30,63.2,72.54056820527077,0,1
2021-10-01,91.3,124.6185167098987,1,1
2021-10-02,46.1,145.35937558874596,1,1
2021-10-03,47.0,121.33838562806356,1,1
2021-10-04,48.2,105.89444324745648,1,1
2021-10-05,77.0,89.40202040563176,1,1
2021-10-06,103.0,127.8306639891032,1,1
2021-10-07,83.4,110.6802328682952,1,1
2021-10-08,98.2,160.02235005858935,1,1
2021-10-09,104.0,169.27174806969927,1,1
2021-10-10,72.6,148.65338861701792,1,1
2021-10-11,65.5,115.13153028384744,1,1
2021-10-12,117.0,124.21670942346198,1,1
2021-10-13,151.0,134.7809989055834,1,1
2021-10-14,142.0,173.23144456126784,1,1
2021-10-15,142.0,179.02525292779353,1,1
2021-10-16,146.0,220.71601044260305,1,1
2021-10-17,180.0,217.28152771795456,1,1
2021-10-18,106.0,210.4462587599591,1,1
2021-10-19,133.0,132.77539667518073,1,1
2021-10-20,124.0,146.39588925707992,1,1
2021-10-21,239.0,180.69459755735343,1,1
2021-12-08,281.0,233.88636685066533,1,1
2021-12-09,322.0,338.40033940910456,1,1
2021-12-10,295.0,247.27833967089583,1,1
2021-12-11,250.0,296.03522404300486,1,1
2021-12-12,345.0,325.3458884013023,1,1
2021-12-13,368.0,317.01099614359174,1,1
2021-12-14,408.0,278.7668327167937,1,1
2021-12-15,499.0,267.72963265785097,1,1
2021-12-16,313.0,253.16295157580112,1,1
2021-12-17,309.0,210.58403329258115,1,1
2021-12-18,226.0,183.14432283935565,1,1
2021-12-19,279.0,252.02746462757847,1,1
2021-12-20,354.0,298.62081834991903,1,1
2021-12-21,329.0,379.93122097196925,1,1
2021-12-22,499.0,393.0780837458847,1,1
2021-12-23,383.0,370.6944818032312,1,1
2021-12-24,481.0,355.20693532975474,1,1
2021-12-25,470.0,331.037722091641,1,1
2021-12-26,510.0,273.24395350096273,1,1
2021-12-27,364.0,312.591217180354,1,1
2021-12-30,253.0,300.4189817321681,1,1
2021-12-31,338.0,288.5257690304833,1,1
2022-01-01,322.0,341.58189254160845,1,1
2022-01-02,310.0,283.5838410724801,1,1
2022-01-03,233.0,221.5657287896339,1,1
2022-01-04,129.0,212.4185102128608,1,1
2022-01-05,94.2,126.2030066840626,1,1
2022-01-06,136.0,168.35750655391155,1,1
2022-01-07,152.0,90.98119458714,1,1
2022-01-08,72.3,91.40038291458464,1,1
2022-01-09,98.3,170.28559425671023,1,1
2022-01-10,228.0,136.17052529541095,1,1
2022-01-11,152.0,230.3112093166771,1,1
2022-01-12,331.0,283.96678532070035,1,1
2022-01-13,227.0,303.1380009228823,1,1
2022-01-14,247.0,267.338605797153,1,1
2022-01-15,294.0,263.7487707168655,1,1
2022-01-16,297.0,261.15788478429846,1,1
2022-01-17,345.0,214.07592115015655,1,1
2022-01-18,350.0,272.005712804481,1,1
2022-01-19,262.0,213.99311064086896,1,1
2022-01-20,222.0,238.89999517532587,1,1
2022-01-21,103.0,128.7612837523928,1,1
2022-01-22,143.0,108.56170808924428,1,1
2022-01-23,74.9,146.88101215877924,1,1
2022-01-24,154.0,258.03322911802223,1,1
2022-01-25,153.0,196.14566759761192,1,1
2022-01-26,231.0,180.3797375186217,1,1
2022-01-28,148.0,151.58208493107506,1,1
2022-01-29,239.0,259.12840559868647,1,1
2022-01-30,201.0,204.55706037863996,1,1
2022-01-31,245.0,266.16566022586665,1,1
2022-02-01,310.0,120.81579114641144,0,1
2022-02-02,172.0,83.62346394646768,0,1
2022-02-03,146.0,69.22317315198256,0,1
2022-02-04,200.0,72.70835950106,0,1
2022-02-05,206.0,69.43309894987142,0,1
2022-02-06,182.0,83.7532643562206,0,1
2022-02-07,148.0,122.33908579426488,0,1
2022-02-08,141.0,61.886398083526274,0,1
2022-02-09,178.0,124.09340238075268,0,1
2022-02-10,175.0,77.92035737367779,0,1
2022-02-11,130.0,74.26361057162634,0,1
2022-02-12,186.0,96.12807846634804,0,1
2022-02-13,139.0,100.2463529949258,0,1
2022-02-14,164.0,92.76389735700862,0,1
2022-02-15,209.0,94.34250278122585,0,1
2022-02-16,328.0,156.16438197471462,0,1
2022-02-17,321.0,158.17685162086926,0,1
2022-02-18,179.0,120.3511681589963,0,1
2022-02-19,131.0,78.95913522514367,0,1
2022-02-20,117.0,87.58774566756809,0,1
2022-02-21,140.0,114.9028233369272,0,1
2022-02-22,95.5,120.28334129467748,0,1
2022-02-23,78.4,71.73352920802512,0,1
2022-02-24,137.0,155.69478377930722,0,2
2022-02-25,98.0,126.82164513192755,0,2
2022-03-10,46.0,118.74513609865744,0,2
2022-03-22,64.4,86.91140668858455,0,2
2022-04-05,81.2,79.70508831808041,0,2
2022-04-06,189.0,98.36552762953755,0,2
2022-04-07,222.0,146.25360480090444,0,2
2022-04-08,176.0,103.5689315948084,0,2
2022-04-09,180.0,93.98558595435782,0,2
2022-04-10,162.0,123.03178853989844,0,2
2022-04-11,458.0,92.46549569646508,0,2
2022-04-19,86.9,110.83040094250394,0,2
2022-04-20,76.9,106.35207871258848,0,2
2022-04-21,110.0,61.20681812571759,0,2
2022-04-22,75.6,89.39538778113355,0,2
2022-04-23,98.3,78.38683226231497,0,2
2022-04-24,80.0,90.70371298753687,0,2
2022-04-25,86.9,94.05687839872438,0,2
2022-04-26,105.0,127.46917146792887,0,2
2022-04-28,126.0,102.20201415449206,0,2
2022-04-29,92.3,110.13496503451896,0,2
2022-04-30,163.0,90.54757874962638,0,2
2022-05-01,168.0,112.37321032627467,0,2
2022-05-02,124.0,137.34780376622487,0,2
2022-05-03,154.0,110.69737286281372,0,2
2022-05-04,123.0,106.64888275727168,0,2
2022-05-05,90.7,111.0266611340836,0,2
2022-05-06,89.2,91.600166499751,0,2
2022-05-07,110.0,95.77699481984044,0,2
2022-05-08,109.0,107.04525051139626,0,2
2022-05-09,116.0,121.00540995251848,0,2
2022-05-10,89.1,110.25592843462348,0,2
2022-05-11,114.0,100.63939230025976,0,2
2022-05-12,223.0,75.78815460564589,0,2
2022-05-17,84.6,81.82741273256633,0,2
2022-05-18,90.6,88.00395389923571,0,2
2022-05-19,133.0,79.57647959999987,0,2
2022-05-20,72.3,76.7097076726443,0,2
2022-05-21,91.9,115.46592746292272,0,2
2022-05-22,100.0,91.37951369152032,0,2
2022-05-23,41.3,58.40087308317303,0,2
2022-05-24,36.8,72.23234276505055,0,2
2022-05-25,68.9,71.66469689305127,0,2
2022-05-31,70.9,92.80770775930706,0,2
2022-06-01,77.4,87.69172381597997,0,2
2022-06-02,88.0,110.2439766149949,0,2
2022-06-03,113.0,100.96467998069824,0,2
2022-06-04,148.0,88.5649930634305,0,2
2022-06-05,119.0,88.82997741794914,0,2
2022-06-06,166.0,109.05430383654236,0,2
2022-06-08,87.0,92.7714852866077,0,2
2022-06-09,120.0,91.93313253341124,0,2
2022-06-10,98.5,77.71387273745229,0,2
2022-06-11,94.5,78.74689205974202,0,2
2022-06-12,96.3,76.02290024251283,0,2
2022-06-13,75.6,87.05056485255227,0,2
2022-06-14,108.0,78.66670653279958,0,2
2022-06-15,56.1,75.72953117190329,0,2
2022-06-16,60.9,62.44369073820394,0,2
2022-06-17,35.2,47.64886794274769,0,2
2022-06-18,40.9,34.037358036245415,0,2
2022-06-19,65.4,42.72080409853986,0,2
2022-06-20,82.7,78.23212191631572,0,2
2022-06-21,43.2,32.72873729112218,0,2
2022-06-22,82.7,83.27821705948166,0,2
2022-06-23,70.1,61.89103540772767,0,2
2022-06-24,71.5,74.83150682484437,0,2
2022-06-25,93.5,80.9101776604873,0,2
2022-06-27,83.5,85.3800156405989,0,2
2022-06-28,101.0,97.4494714697419,0,2
2022-06-29,89.6,64.83481317137883,0,2
2022-06-30,57.5,57.189466004496,0,2
2022-07-01,31.7,57.14619505050152,0,2
2022-07-02,71.1,48.05300646456122,0,2
2022-07-03,48.0,43.87271940666752,0,2
2022-07-07,52.5,58.19698790257021,0,2
2022-07-08,66.0,59.38622444901923,0,2
2022-07-09,47.9,51.62383781242315,0,2
2022-07-10,44.3,47.50555587976592,0,2
2022-07-11,52.7,47.92565831949543,0,2
2022-07-12,53.9,59.441684488139096,0,2
2022-07-13,43.4,54.30070783370864,0,2
2022-07-14,34.1,45.68581461384059,0,2
2022-07-15,30.4,71.67659276451002,0,2
2022-07-16,37.8,68.97713828736251,0,2
2022-07-17,28.5,42.03427654658256,0,2
2022-07-18,75.8,54.43331526111851,0,2
2022-07-19,55.5,42.65058897049308,0,2
2022-07-20,35.4,25.46268324548446,0,2
2022-07-21,18.1,16.125784850405054,0,2
2022-07-22,31.0,38.044232664561775,0,2
2022-07-23,46.1,45.61117154689829,0,2
2022-07-24,27.5,46.07468717049982,0,2
2022-07-25,35.6,38.42248863007568,0,2
2022-07-27,46.9,42.88767017806178,0,2
2022-07-28,37.3,33.12563346003762,0,2
2022-08-05,58.8,77.9600898262063,0,2
2022-08-06,73.4,56.959683663951175,0,2
2022-08-07,58.1,50.92653941914252,0,2
2022-08-08,46.5,59.567671048183726,0,2
2022-08-09,47.6,65.69041323594243,0,2
2022-08-10,65.5,60.90281401567604,0,2
2022-08-11,33.5,37.59039828345828,0,2
2022-08-12,41.3,74.54297241893396,0,2
2022-08-13,34.6,37.106139200001735,0,2
2022-08-14,39.6,40.009796095769126,0,2
2022-08-30,97.3,58.74205523475351,0,2
2022-08-31,69.7,59.38252678267725,0,2
2022-09-02,38.3,56.545832686885895,0,2
2022-09-03,43.5,55.50890945488083,0,2
2022-09-04,41.6,37.94262739452794,0,2
2022-09-05,37.6,46.55047267769798,0,2
2022-10-03,136.0,120.73569125324892,1,2
2022-10-04,85.7,94.88711781023326,1,2
2022-10-05,87.5,88.47617839116717,1,2
2022-10-06,71.7,89.65683169852167,1,2
2022-10-07,119.0,103.05182023578224,1,2
2022-10-08,94.1,92.20175731258794,1,2
2022-10-09,65.4,97.452739512146,1,2
2022-10-10,47.5,90.34339665244268,1,2
2022-10-11,87.9,106.29904557891184,1,2
2022-10-12,104.0,109.64874018274922,1,2
2022-10-13,113.0,122.16790568100792,1,2
2022-10-14,116.0,125.29507955676247,1,2
2022-10-15,121.0,125.721669086934,1,2
2022-10-20,97.9,160.56633093926814,1,2
2022-10-21,86.0,148.67176656464966,1,2
2022-10-22,109.0,146.57607352982825,1,2
2022-10-23,133.0,155.34940179803783,1,2
2022-10-25,173.0,167.43262041206842,1,2
2022-10-31,218.0,271.57718334317406,1,2
2022-11-01,239.0,337.8384294012392,1,2
2022-11-02,185.0,202.6252035944239,1,2
2022-11-03,154.0,253.96898405584307,1,2
2022-11-04,304.0,354.7503557098616,1,2
2022-11-05,285.0,357.3058615692823,1,2
2022-11-06,71.0,164.84131355505767,1,2
2022-11-07,67.0,174.17207132951893,1,2
2022-11-08,122.0,223.1649010830111,1,2
2022-11-09,167.0,220.78683403742173,1,2
2022-11-10,92.0,210.00670636065263,1,2
2022-11-11,88.8,175.01693571359334,1,2
2022-11-12,260.0,217.9098841372676,1,2
2022-11-14,72.0,188.5901434771534,1,2
2022-11-15,75.0,197.70819855094237,1,2
2022-11-16,198.0,223.44349136199023,1,2
2022-11-17,156.0,190.50196877016265,1,2
2022-11-18,152.0,237.88631820112525,1,2
2022-11-19,12.4,272.84412265015817,1,2
2022-11-20,12.3,238.7920537752983,1,2
2022-11-22,9.67,244.6275604075552,1,2
2022-12-08,268.0,300.72188869891835,1,2
2022-12-09,249.0,248.54678584269024,1,2
2022-12-15,158.0,259.2359346908951,1,2
2022-12-16,145.0,262.6987670973452,1,2
2022-12-17,201.0,292.16245154230865,1,2
2022-12-18,339.0,374.5224029776976,1,2
2022-12-19,337.0,399.24148885252464,1,2
2022-12-21,346.0,411.6801725272848,1,2
2022-12-22,399.0,416.5163912663289,1,2
2022-12-24,174.0,301.23480748984525,1,2
2022-12-25,179.0,309.92650045398113,1,2
2022-12-26,355.0,375.4874171255951,1,2
2022-12-27,340.0,282.98703848137944,1,2
2022-12-28,488.0,313.4470165379347,1,2
2022-12-29,348.0,296.1529720635801,1,2
2022-12-30,110.0,231.4426013365297,1,2
2022-12-31,189.0,219.08284711551968,1,2
2023-01-01,214.0,242.84521074497303,1,2
2023-01-02,426.0,280.71271471029706,1,2
2023-01-03,281.0,288.3660673869605,1,2
2023-01-04,452.0,388.2565020196412,1,2
2023-01-05,369.0,351.1787786131075,1,2
2023-01-06,393.0,273.5588165809344,1,2
2023-01-07,350.0,277.7809182098286,1,2
2023-01-08,275.0,312.4517539007911,1,2
2023-01-09,285.0,318.21243746544,1,2
2023-01-10,431.0,343.77670729641403,1,2
2023-01-11,289.0,224.19682866899387,1,2
2023-01-16,150.0,173.59891997784223,1,2
2023-01-17,164.0,219.05019136585497,1,2
2023-01-18,218.0,295.70711492470866,1,2
2023-01-19,142.0,215.9493403731564,1,2
2023-01-20,129.0,187.2884585035897,1,2
2023-01-21,127.0,208.16285035824643,1,2
2023-01-23,89.1,110.44518810173484,1,2
2023-01-24,138.0,202.87232299404064,1,2
2023-01-25,160.0,225.34358461227572,1,2
2023-01-27,96.4,167.14754188506348,1,2
2023-01-28,179.0,202.4088664978436,1,2
2023-01-29,214.0,134.18090461570446,1,2
2023-01-30,87.3,143.5010118934517,1,2
2023-01-31,98.8,108.38747346812572,1,2
2023-02-01,95.4,143.05475887718825,0,2
2023-02-14,122.0,180.40909361093557,0,2
2023-02-15,145.0,156.81564044171387,0,2
2023-03-19,73.1,80.78526603347804,0,2
2023-03-20,126.0,90.95572768447867,0,2
2023-03-21,53.3,74.03160107616857,0,2
2023-03-22,64.7,95.1529766163087,0,2
2023-03-24,34.9,38.59232655598986,0,2
2023-03-25,36.4,49.24915225753526,0,2
2023-03-26,66.7,49.32883738040312,0,2
2023-03-27,72.1,51.00850580404931,0,2
2023-03-28,95.3,85.37963071947364,0,2
2023-03-29,182.0,62.82141326227774,0,2
2023-03-30,52.5,52.28977827965786,0,2
2023-03-31,31.1,21.109806710154487,0,2
2023-04-01,46.0,36.95096414564151,0,2
2023-04-02,78.8,54.13846355413845,0,2
2023-04-03,50.6,57.13217138459441,0,2
2023-04-04,59.9,66.0893984669487,0,2
2023-04-05,66.6,72.60052533158382,0,2
2023-04-06,66.9,56.58975063701026,0,2
2023-04-07,55.9,55.89344571920408,0,2
2023-04-08,86.3,62.46333231834286,0,2
2023-04-09,104.0,65.14412708951546,0,2
2023-04-10,106.0,67.6507340485934,0,2
2023-04-11,119.0,64.98494513489392,0,2
2023-04-12,84.6,77.32883680920526,0,2
2023-04-13,70.9,56.24480735672668,0,2
2023-04-14,71.7,79.84729106835266,0,2
2023-04-15,113.0,58.09669523839032,0,2
2023-04-16,50.8,58.8850069023702,0,2
2023-04-19,53.0,40.38272289625413,0,2
2023-04-20,29.6,50.63820301985255,0,2
2023-04-21,18.1,50.79171649097758,0,2
2023-04-23,24.2,63.43471866483958,0,2
2023-04-24,48.1,82.19058219764072,0,2
2023-04-26,54.4,94.60358301848748,0,2
2023-04-27,37.8,66.4245809614874,0,2
2023-04-28,54.8,78.58074071223888,0,2
2023-04-29,51.0,94.531170544881,0,2
2023-04-30,40.7,64.3973524983454,0,2
2023-05-01,37.8,54.19642634598574,0,2
2023-05-02,34.0,65.09008262275658,0,2
2023-05-03,56.3,73.68908638259491,0,2
2023-05-04,37.8,79.14306233600745,0,2
2023-05-05,58.4,88.37978237710979,0,2
2023-05-06,73.8,70.81302674892054,0,2
2023-05-07,28.0,83.44076818643063,0,2
2023-05-08,40.0,84.77041581671212,0,2
2023-05-09,83.6,85.30479297893626,0,2
2023-05-10,80.9,93.18138002992328,0,2
2023-05-11,134.0,121.52493280182688,0,2
2023-05-12,180.0,112.0401785940046,0,2
2023-05-13,130.0,142.5384261967415,0,2
2023-05-14,62.5,143.1830894861571,0,2
2023-05-15,104.0,105.15073617178034,0,2
2023-05-16,132.0,138.05850435344087,0,2
2023-05-17,84.0,108.87053546461496,0,2
2023-05-18,75.7,104.64257492132172,0,2
2023-05-19,70.9,105.41037509116904,0,2
2023-05-20,99.7,100.64278742966177,0,2
2023-05-21,119.0,88.86953271140855,0,2
2023-05-22,125.0,88.67078011231457,0,2
2023-05-23,87.6,60.93976423893934,0,2
2023-05-24,40.0,78.83476665191421,0,2
2023-05-25,17.1,33.51404965069527,0,2
2023-05-26,54.7,51.26817528548517,0,2
2023-05-27,40.8,50.26386495516618,0,2
2023-05-28,53.1,60.30232998702816,0,2
2023-05-29,39.8,76.47154477826227,0,2
2023-05-30,37.7,56.64520293942583,0,2
2023-05-31,39.3,30.46699112918396,0,2
2023-06-01,39.0,35.79643722729548,0,2
2023-06-02,70.8,54.3654011155604,0,2
2023-06-03,82.8,76.40166268568437,0,2
2023-06-04,52.1,72.52802301180242,0,2
2023-06-05,49.5,66.28991835485242,0,2
2023-06-06,29.0,54.25516752165807,0,2
2023-06-07,60.6,75.2435232879968,0,2
2023-06-08,169.0,67.56188187282302,0,2
2023-06-09,90.3,75.30433867026458,0,2
2023-06-10,69.5,56.53065270066581,0,2
2023-06-11,46.3,64.79279382867844,0,2
2023-06-12,60.9,84.43190016044188,0,3
2023-06-13,50.6,65.47198715161176,0,3
2023-06-14,42.5,63.58446974234212,0,3
2023-06-15,29.3,69.24300517377476,0,3
2023-06-16,57.1,78.31098122236988,0,3
2023-06-17,57.7,69.05539976169469,0,3
2023-06-18,85.4,63.16284691738572,0,3
2023-06-19,55.9,85.8765433503364,0,3
2023-06-20,70.1,78.39384749950837,0,3
2023-06-21,60.1,84.36661481769475,0,3
2023-06-22,54.0,77.5425518099917,0,3
2023-06-23,53.3,71.89932797747618,0,3
2023-06-24,55.0,79.48720222685593,0,3
2023-06-25,43.8,56.80039029478357,0,3
2023-06-26,29.6,16.65803274484513,0,3
2023-06-27,59.3,59.469600458703646,0,3
2023-06-28,30.6,49.66729398541501,0,3
2023-06-29,34.9,55.58346305661034,0,3
2023-06-30,22.2,67.34898851150487,0,3
2023-07-01,40.8,69.62503282536139,0,3
2023-07-02,36.1,67.28869069472273,0,3
2023-07-03,36.6,59.74687399787326,0,3
2023-07-04,31.0,37.48572926626962,0,3
2023-07-05,25.0,20.040062383003804,0,3
2023-07-15,63.5,34.31040608911542,0,3
2023-07-16,50.2,44.32017054513706,0,3
2023-07-17,81.3,47.66158567191287,0,3
2023-07-18,41.2,47.89766995352637,0,3
2023-07-19,34.0,39.52048142956274,0,3
2023-07-20,68.3,71.50561295537918,0,3
2023-07-21,48.6,80.20561761085378,0,3
2023-07-22,35.5,39.1602218039986,0,3
2023-07-23,43.9,55.56506578962611,0,3
2023-07-24,29.8,58.00629502282136,0,3
2023-07-25,68.0,41.667779474044586,0,3
2023-07-26,49.6,45.44385400318798,0,3
2023-07-27,28.6,50.27211534141643,0,3
2023-07-28,39.4,42.42443800042545,0,3
2023-07-29,22.2,58.80658524317854,0,3
2023-07-30,38.8,57.79961757049496,0,3
2023-07-31,37.8,57.05117179753288,0,3
2023-08-01,41.7,50.734216636139294,0,3
2023-08-02,54.0,38.70204915434307,0,3
2023-08-03,41.3,59.70406483242526,0,3
2023-08-04,34.9,42.6131348900425,0,3
2023-08-05,41.5,55.76389037489114,0,3
2023-08-06,35.3,46.02163274272215,0,3
2023-08-07,42.9,58.77988353015313,0,3
2023-08-08,48.4,57.44061234632684,0,3
2023-08-09,47.1,54.219729963677246,0,3
2023-08-10,53.9,50.54267775596314,0,3
2023-08-11,45.5,63.40757629165434,0,3
2023-08-12,36.8,63.72390265751922,0,3
2023-08-13,37.3,58.401470136046726,0,3
2023-08-14,32.7,39.62684920194832,0,3
2023-08-15,28.6,56.1570064002036,0,3
2023-08-16,48.2,56.8609566610647,0,3
2023-08-17,45.4,49.901583233287255,0,3
2023-08-18,53.8,54.02592733243726,0,3
2023-08-19,54.4,54.99277380707029,0,3
2023-08-20,50.0,66.64563677401112,0,3
2023-08-21,62.0,73.4065210541361,0,3
2023-08-22,39.2,68.04754716377488,0,3
2023-08-23,37.4,45.39344986157051,0,3
2023-08-24,36.1,59.416826437395024,0,3
2023-08-25,37.1,56.7932390738629,0,3
2023-08-26,43.3,56.46605555934019,0,3
2023-08-27,57.5,62.45086382529751,0,3
2023-08-28,44.4,53.84412532491277,0,3
2023-08-29,40.5,59.31150832409679,0,3
2023-08-30,54.5,52.2619228294442,0,3
2023-08-31,50.8,58.432503816453874,0,3
2023-09-01,43.3,58.97023909071255,0,3
2023-09-02,41.0,53.28831006017717,0,3
2023-09-03,45.5,53.4644981007639,0,3
2023-09-04,41.1,57.54089661267331,0,3
2023-09-05,48.3,56.42820471051836,0,3
2023-09-06,82.5,63.47891828839126,0,3
2023-09-07,60.5,63.78112297115266,0,3
2023-09-08,77.8,52.99475301317315,0,3
2023-09-09,53.5,58.20307552255338,0,3
2023-09-10,33.8,66.64459963336076,0,3
2023-09-11,25.1,71.40713522988848,0,3
2023-09-12,43.4,79.10027169964715,0,3
2023-09-13,64.8,69.28026684508973,0,3
2023-09-14,63.5,65.94655526371879,0,3
2023-09-15,51.3,59.01483325122039,0,3
2023-09-16,40.3,70.38414794200018,0,3
2023-09-17,29.4,46.81239171168643,0,3
2023-09-18,24.1,19.50446556642036,0,3
2023-09-19,38.6,35.01606858727615,0,3
2023-09-20,77.0,73.85857970327974,0,3
2023-09-21,73.0,79.34174595441483,0,3
2023-09-22,72.8,76.99305595518616,0,3
2023-09-23,29.6,41.03808308852688,0,3
2023-09-24,47.9,50.41011250064925,0,3
2023-09-25,44.1,62.88430737884551,0,3
2023-09-26,71.3,62.09504921450211,0,3
2023-09-27,64.7,83.9046789444395,0,3
2023-09-28,61.4,93.98186759642364,0,3
2023-09-29,81.3,89.66672673575621,0,3
2023-09-30,50.4,72.63937453130295,0,3
2023-10-01,62.8,63.52205004272157,1,3
2023-10-02,69.6,89.24477551571546,1,3
2023-10-03,94.0,102.2788469452761,1,3
2023-10-04,99.9,98.23209912848502,1,3
2023-10-05,91.3,100.06914444257156,1,3
2023-10-06,102.0,97.30298545841194,1,3
2023-10-07,69.3,112.0318889218646,1,3
2023-10-08,71.8,89.77912250929454,1,3
2023-10-09,75.6,90.7786999938692,1,3
2023-10-10,35.6,82.88939763587129,1,3
2023-10-11,77.8,79.5916996657188,1,3
2023-10-12,127.0,114.5060818897036,1,3
2023-10-13,89.3,152.92170525561312,1,3
2023-10-14,82.8,106.19436068938889,1,3
2023-10-15,33.7,97.002457952041,1,3
2023-10-16,45.3,47.87077837901496,1,3
2023-10-17,26.3,49.93758003648478,1,3
2023-10-18,47.1,52.5333898823889,1,3
2023-10-19,86.3,101.70635188520625,1,3
2023-10-20,149.0,111.74355599356444,1,3
2023-10-21,161.0,127.50602833096562,1,3
2023-10-22,168.0,118.7359879267825,1,3
2023-10-23,77.4,122.61732950035324,1,3
2023-10-24,143.0,112.34952750516194,1,3
2023-10-25,169.0,109.2049241882706,1,3
2023-10-26,138.0,127.67797384861228,1,3
2023-10-27,199.0,165.96688355105331,1,3
2023-10-28,241.0,202.1534102065416,1,3
2023-10-29,320.0,309.77315834195394,1,3
2023-10-30,298.0,297.54584487888496,1,3
2023-10-31,314.0,302.9894774817694,1,3
2023-11-01,273.0,342.2387552898085,1,3
2023-11-02,287.0,280.7717426085844,1,3
2023-11-03,226.0,305.4849875922911,1,3
2023-11-04,267.0,311.94402335140126,1,3
2023-11-05,245.0,301.2084284091573,1,3
2023-11-06,316.0,303.59973103477887,1,3
2023-11-07,379.0,319.9817297355134,1,3
2023-11-08,325.0,325.3450797796609,1,3
2023-11-09,335.0,324.30773530175685,1,3
2023-11-10,76.3,174.39569396024766,1,3
2023-11-11,109.0,115.79050617676307,1,3
2023-11-12,104.0,112.92227312750803,1,3
2023-11-13,219.0,205.46987180560592,1,3
2023-11-14,190.0,197.0822745228024,1,3
2023-11-15,174.0,165.55587657895748,1,3
2023-11-16,263.0,340.1594806102381,1,3
2023-11-17,214.0,213.3167493322065,1,3
2023-11-18,223.0,233.7151043323775,1,3
2023-11-19,242.0,288.4785244916108,1,3
2023-11-20,236.0,146.8668828993944,1,3
2023-11-21,223.0,194.64006685174203,1,3
2023-11-22,213.0,255.93428634827865,1,3
2023-11-23,367.0,293.0417732623272,1,3
2023-11-24,370.0,287.5191601172968,1,3
2023-11-25,241.0,387.566538402974,1,3
2023-11-26,328.0,343.502836803626,1,3
2023-11-27,353.0,321.613360757473,1,3
2023-11-28,314.0,261.9586361321904,1,3
2023-11-29,278.0,195.11428884859865,1,3
2023-11-30,144.0,212.5015313994301,1,3
2023-12-01,130.0,146.80622538704665,1,3
2023-12-02,174.0,195.88621362804795,1,3
2023-12-03,219.0,259.243854580982,1,3
2023-12-04,244.0,320.91034832555647,1,3
2023-12-05,211.0,320.0235882835904,1,3
2023-12-06,223.0,207.35158298452768,1,3
2023-12-07,231.0,219.0700421249308,1,3
2023-12-08,197.0,230.47529153872307,1,3
2023-12-09,283.0,273.89472328388183,1,3
2023-12-10,204.0,221.4844050091357,1,3
2023-12-11,300.0,371.2002184004321,1,3
2023-12-12,279.0,300.702998172665,1,3
2023-12-13,292.0,334.9736222243674,1,3
2023-12-14,258.0,338.6318643890815,1,3
2023-12-15,370.0,380.6270260122904,1,3
2023-12-16,381.0,185.90644801923185,1,3
2023-12-17,190.0,253.2508924978229,1,3
2023-12-18,224.0,195.4190122613521,1,3
2023-12-19,206.0,184.49809147519625,1,3
2023-12-20,212.0,200.68041484960224,1,3
2023-12-21,431.0,351.8331522323934,1,3
2023-12-22,488.0,325.0148251416957,1,3
2023-12-23,313.0,383.8053204921162,1,3
2023-12-24,480.0,344.74387664656786,1,3
2023-12-25,275.0,371.12911986132895,1,3
2023-12-26,345.0,392.1420727502576,1,3
2023-12-27,385.0,372.0170421003665,1,3
2023-12-28,263.0,421.6591821785744,1,3
2023-12-29,261.0,389.9540107687469,1,3
2023-12-30,344.0,405.0005993367415,1,3
2023-12-31,249.0,334.60234137953165,1,3
2024-01-01,245.0,306.5367200288303,1,3
2024-01-02,285.0,286.9011498538543,1,3
2024-01-03,203.0,290.41793514393214,1,3
2024-01-04,254.0,301.55487070864496,1,3
2024-01-05,280.0,314.1592981905561,1,3
2024-01-06,314.0,286.1478797684884,1,3
2024-01-07,254.0,293.49154565403103,1,3
2024-01-08,314.0,387.36090913014726,1,3
2024-01-09,299.0,299.9988885705226,1,3
2024-01-10,270.0,332.7645221343379,1,3
2024-01-11,321.0,357.676202551161,1,3
2024-01-12,268.0,335.1525107069917,1,3
2024-01-13,308.0,300.8577335047303,1,3
2024-01-14,240.0,282.78543527222087,1,3
2024-01-15,319.0,285.5275293542308,1,3
2024-01-16,305.0,290.48540096828987,1,3
2024-01-17,388.0,327.9397737425011,1,3
2024-01-18,292.0,325.4276224301525,1,3
2024-01-19,248.0,369.34490987974857,1,3
2024-01-20,271.0,215.4558413413749,1,3
2024-01-21,219.0,254.5017892370041,1,3
2024-01-22,227.0,304.1484082873605,1,3
2024-01-23,246.0,322.86048130341226,1,3
2024-01-24,315.0,330.97289610726403,1,3
2024-01-25,289.0,308.0014223164258,1,3
2024-01-26,146.0,332.56896669744054,1,3
2024-01-27,0.2,274.1630005546653,1,3
2024-01-28,0.75,304.4596449675455,1,3
2024-02-02,84.4,93.39940883782452,0,3
2024-02-03,108.0,111.29365244664874,0,3
2024-02-04,129.0,87.5128010292962,0,3
2024-02-05,169.0,74.39291025705647,0,3
2024-02-06,168.0,90.00067813206768,0,3
2024-02-07,145.0,85.09037950162482,0,3
2024-02-08,91.2,58.2213507544978,0,3
2024-02-09,116.0,146.7086686042534,0,3
2024-02-10,181.0,107.89301105139783,0,3
2024-02-11,231.0,167.90619125069756,0,3
2024-02-12,309.0,192.15327671589,0,3
2024-02-13,260.0,187.98334974988052,0,3
2024-02-14,239.0,152.82573693849355,0,3
2024-02-15,171.0,153.44060326337942,0,3
2024-02-16,238.0,164.8355429092059,0,3
2024-02-17,198.0,154.6276273601797,0,3
2024-02-18,178.0,132.960785559682,0,3
2024-03-05,109.0,74.57737296293597,0,3
2024-03-06,95.1,108.68357272244089,0,3
2024-03-07,115.0,123.77466847109392,0,3
2024-03-08,106.0,96.50297501278936,0,3
2024-03-09,116.0,84.03160901026935,0,3
2024-03-10,128.0,111.38416901200154,0,3
2024-03-11,160.0,118.03189423327812,0,3
2024-03-12,126.0,105.36174938246651,0,3
2024-03-13,126.0,88.17724100239579,0,3
2024-03-14,58.8,89.8319739791763,0,3
2024-03-15,55.5,79.74848476142908,0,3
2024-03-16,111.0,73.76872365703532,0,3
2024-03-17,142.0,66.49936598164663,0,3
2024-03-18,114.0,93.45358202235636,0,3
2024-03-19,145.0,117.07976496372598,0,3
2024-03-20,101.0,120.13139523827688,0,3
2024-03-21,92.3,97.42552369958702,0,3
2024-03-22,101.0,147.38942533376982,0,3
2024-03-23,85.3,91.86378183339494,0,3
2024-03-24,53.4,77.35263814727772,0,3
2024-03-25,78.1,68.9346383262953,0,3
2024-03-26,131.0,85.67243869444032,0,3
2024-03-27,144.0,79.5706261562608,0,3
2024-03-28,64.1,85.2083684186448,0,3
2024-03-29,58.6,57.26902311975247,0,3
2024-03-30,40.8,37.93462156128067,0,3
2024-03-31,41.3,43.59832545284812,0,3
2024-04-01,60.8,57.15990577001018,0,3
2024-04-02,82.8,75.66957886495426,0,3
2024-04-03,74.5,88.33244614282668,0,3
2024-04-04,69.1,88.7037528929976,0,3
2024-04-05,74.1,73.7890558807348,0,3
2024-04-09,85.8,88.49466555445453,0,3
2024-04-10,91.0,97.34946332984426,0,3
2024-04-11,27.2,45.32602739527742,0,3
2024-04-12,37.7,47.60075209943123,0,3
2024-04-13,48.7,61.74769239777167,0,3
2024-04-14,53.4,45.776789382272,0,4
2024-04-15,63.7,50.20821474968286,0,4
2024-04-25,89.9,60.78938502105994,0,4
2024-04-26,87.5,59.82978497920676,0,4
2024-04-27,46.6,56.38721873472252,0,4
2024-04-28,55.3,54.05151349791737,0,4
2024-04-29,41.9,55.68925705428546,0,4
2024-04-30,49.6,48.75751397254152,0,4
2024-05-01,58.5,51.08101061562701,0,4
2024-05-02,103.0,90.8740377324138,0,4
2024-05-03,116.0,138.04966057525968,0,4
2024-05-04,63.8,71.99124558764316,0,4
2024-05-05,78.5,75.14568097625418,0,4
2024-05-06,109.0,80.72817571342279,0,4
2024-05-07,161.0,111.07912106868646,0,4
2024-05-08,97.6,121.2987895955612,0,4
2024-05-09,122.0,127.09895161484307,0,4
2024-05-10,111.0,104.56192578062031,0,4
2024-05-11,66.4,68.93027011909089,0,4
2024-05-12,52.7,54.02731644096797,0,4
2024-05-13,62.9,69.93582919606038,0,4
2024-05-14,110.0,74.87439894528976,0,4
2024-05-15,100.0,144.76051592022986,0,4
2024-05-16,154.0,129.3395630147592,0,4
2024-05-17,113.0,134.0143988605666,0,4
2024-05-18,75.8,108.85937069498542,0,4
2024-05-20,65.4,140.93486119826846,0,4
2024-05-21,81.1,154.88138107525347,0,4
2024-05-22,104.0,141.19991556707828,0,4
2024-05-23,89.2,111.76402864535685,0,4
2024-05-24,81.7,109.86506726032697,0,4
2024-05-25,50.8,96.39690940801935,0,4
2024-05-26,61.3,110.56116392701834,0,4
2024-05-27,46.2,96.2122061134808,0,4
2024-05-28,52.9,99.21652340607424,0,4
2024-05-29,55.6,140.30376434311796,0,4
2024-05-30,67.0,156.93069912053284,0,4
2024-05-31,67.0,150.1537756845137,0,4
2024-06-01,67.0,125.05896316974535,0,4
2024-06-02,67.0,107.49462821388352,0,4
2024-06-03,67.0,143.06263464520177,0,4
2024-06-04,67.0,80.35466157564721,0,4
2024-06-05,67.0,57.42109203113508,0,4
2024-07-01,74.8,53.24787695216444,0,4
2024-07-02,48.0,53.31052514453577,0,4
2024-07-03,49.1,50.907735346952336,0,4
2024-07-04,28.0,46.00303404948127,0,4
2024-07-05,47.3,61.436162971060384,0,4
2024-07-06,42.1,38.13587994342375,0,4
2024-07-07,47.7,35.58492648987716,0,4
2024-07-08,74.1,49.255450529264536,0,4
2024-07-09,72.6,60.79087126479854,0,4
2024-07-10,73.9,60.67268007038107,0,4
2024-07-11,85.3,45.34455316311178,0,4
2024-07-12,47.2,58.76830734282376,0,4
2024-07-13,49.8,46.48957205514618,0,4
2024-07-14,108.0,58.47798859752356,0,4
2024-07-15,82.6,57.58624825383804,0,4
2024-07-16,107.0,51.28490557637834,0,4
2024-07-17,69.2,61.9800288434738,0,4
2024-07-18,42.7,48.03477982847994,0,4
2024-07-19,73.1,57.37032945538051,0,4
2024-07-20,80.4,66.80541534688847,0,4
2024-07-21,68.3,61.995978294117705,0,4
2024-07-22,61.1,61.22771817368894,0,4
2024-07-23,46.7,46.22766464460048,0,4
2024-07-24,89.8,62.44323471311789,0,4
2024-07-25,55.4,64.92547905230806,0,4
2024-07-26,43.0,50.80142638037619,0,4
2024-07-27,45.7,49.11385896617186,0,4
2024-07-28,54.9,59.872195079710096,0,4
2024-07-29,42.3,51.633055108624994,0,4
2024-07-30,67.5,51.31620171959632,0,4
2024-07-31,95.5,53.28766439162723,0,4
2024-08-01,41.2,31.412027843695864,0,4
2024-08-02,73.0,40.911346329234654,0,4
2024-08-03,34.1,30.713200060383144,0,4
2024-08-04,37.1,32.069948948362146,0,4
2024-08-05,62.4,48.9279324592417,0,4
2024-08-06,32.3,31.147410811178972,0,4
2024-08-07,33.5,37.167689291797785,0,4
2024-08-08,24.6,40.39057602833342,0,4
2024-08-09,51.7,36.60749253581619,0,4
2024-08-10,56.2,38.96990782407593,0,4
2024-08-11,24.4,38.97003939146191,0,4
2024-08-12,27.6,49.59103744502231,0,4
2024-08-13,39.9,41.41431941684216,0,4
2024-08-14,49.0,37.49422831836609,0,4
2024-08-15,42.1,33.62728952111038,0,4
2024-08-16,43.7,43.51813734171317,0,4
2024-08-17,42.6,37.00341958994719,0,4
2024-08-18,66.9,41.26587422196578,0,4
2024-08-19,44.6,45.28200259578654,0,4
2024-08-20,42.5,52.54433844325524,0,4
2024-08-21,45.0,50.919101385418,0,4
2024-08-22,68.3,47.20278235573847,0,4
2024-08-23,51.3,37.40450291315621,0,4
2024-08-24,58.8,31.799589993365043,0,4
2024-08-25,38.0,47.92299330489648,0,4
2024-08-26,68.6,55.59613993329797,0,4
2024-08-27,33.5,17.562263299398847,0,4
2024-08-28,52.4,41.04333881777586,0,4
2024-08-29,21.1,46.185930937957615,0,4
2024-08-30,45.5,46.40160959241808,0,4
2024-08-31,51.5,51.25126368761861,0,4
2024-09-01,40.8,53.89190429592066,0,4
2024-09-02,45.3,40.00432907472217,0,4
2024-09-03,57.4,58.86810419618698,0,4
2024-09-04,72.0,66.22606395175913,0,4
2024-09-05,73.3,57.71624346946084,0,4
2024-09-06,77.0,72.20060234877651,0,4
2024-09-07,50.7,62.43429488700027,0,4
2024-09-08,71.1,63.509199982559984,0,4
2024-09-09,66.0,66.28531526337092,0,4
2024-09-10,59.2,56.753857728059856,0,4
2024-09-11,60.4,60.18495663463512,0,4
2024-09-12,69.5,55.62005771540078,0,4
2024-09-13,44.0,65.18427484533301,0,4
2024-09-14,52.4,55.43737495332092,0,4
2024-09-15,88.6,54.05897115125645,0,4
2024-09-16,87.7,54.115312384274176,0,4
2024-09-17,88.7,62.21538597289833,0,4
2024-09-18,84.4,60.74682339086468,0,4
2024-09-19,64.4,55.870541649686736,0,4
2024-09-20,52.9,66.91357965556954,0,4
2024-09-21,72.4,78.41650972732116,0,4
2024-09-22,71.5,81.79804392473388,0,4
2024-09-23,84.1,77.89554101621808,0,4
2024-09-24,80.9,90.32259359463636,0,4
2024-09-25,92.5,69.96533013019922,0,4
2024-09-26,86.1,58.12613728358366,0,4
2024-09-27,51.9,64.60399073556576,0,4
2024-09-28,50.4,55.23435985483984,0,4
2024-09-29,69.5,89.36128074965202,0,4
2024-09-30,70.0,83.56927004088537,0,4
2024-10-01,76.8,89.91866903218961,1,4
2024-10-02,106.0,85.68665432284817,1,4
2024-10-03,131.0,90.51950467930288,1,4
2024-10-04,127.0,70.69084670808833,1,4
2024-10-05,66.6,70.14012667368524,1,4
2024-10-06,41.0,70.69794520140981,1,4
2024-10-07,92.5,92.83227807421586,1,4
2024-10-08,105.0,130.0242124446644,1,4
2024-10-09,76.1,91.54016572509542,1,4
2024-10-10,93.2,74.08731690064279,1,4
2024-10-11,89.5,116.69672875972172,1,4
2024-10-12,104.0,130.2789350824486,1,4
2024-10-13,111.0,131.96157007501952,1,4
2024-10-14,148.0,146.0287783488119,1,4
2024-10-15,111.0,116.62274137011636,1,4
2024-10-16,110.0,107.38542264842276,1,4
2024-10-17,114.0,115.71656330578084,1,4
2024-10-18,222.0,149.02666264293245,1,4
2024-10-19,218.0,154.02662953596928,1,4
2024-10-20,226.0,142.64457811956103,1,4
2024-10-21,228.0,160.98715002815433,1,4
2024-10-22,266.0,169.62884292876385,1,4
2024-10-23,246.0,200.27404214879647,1,4
2024-10-24,114.0,136.81663399347738,1,4
2024-10-25,119.0,146.5529343653687,1,4
2024-10-26,153.0,158.97323549066354,1,4
2024-10-27,305.0,164.53251572840205,1,4
2024-10-28,315.0,241.59660209104655,1,4
2024-10-29,244.0,195.7339545719098,1,4
2024-10-30,197.0,174.44198523419757,1,4
2024-10-31,146.0,152.07996623325346,1,4
2024-11-01,157.0,149.1042010225614,1,4
2024-11-02,279.0,276.94813773387995,1,4
2024-11-03,381.0,317.75050123640625,1,4
2024-11-04,247.0,304.2740144656584,1,4
2024-11-05,368.0,297.7554181400216,1,4
2024-11-06,570.0,290.90313637845253,1,4
2024-11-07,519.0,275.24486297509355,1,4
2024-11-08,505.0,322.86860193263345,1,4
2024-11-09,445.0,309.5339514112022,1,4
2024-11-10,412.0,274.1586240245942,1,4
2024-11-11,479.0,276.4189822830186,1,4
2024-11-12,424.0,286.1937733237987,1,4
2024-11-13,296.0,253.6616160794109,1,4
2024-11-14,630.0,276.75052446730217,1,4
2024-11-15,474.0,290.6103636761976,1,4
2024-11-16,412.0,287.988962846399,1,4
2024-11-17,201.0,219.01414241655036,1,4
2024-11-18,209.0,189.05313921613373,1,4
2024-11-19,216.0,198.44341228238625,1,4
2024-11-20,256.0,268.6271234487,1,4
2024-11-21,270.0,301.3000851441837,1,4
2024-11-22,280.0,331.93804066524285,1,4
2024-11-23,259.0,317.08136624226006,1,4
2024-11-24,250.0,278.31310543006936,1,4
2024-11-25,146.0,146.02206078389204,1,4
2024-11-26,214.0,222.9581949921885,1,4
2024-11-27,212.0,258.00228173622565,1,4
2024-11-28,354.0,367.6293439390988,1,4
2024-11-29,245.0,321.5717071843795,1,4
2024-11-30,152.0,194.6957677428186,1,4
2024-12-01,177.0,197.4818398846737,1,4
2024-12-02,190.0,252.02558149594088,1,4
2024-12-03,133.0,173.80183099689512,1,4
2024-12-04,90.0,137.2389221401197,1,4
2024-12-05,139.0,182.4294536341642,1,4
2024-12-06,151.0,177.16695457786255,1,4
2024-12-07,157.0,209.30078860237427,1,4
2024-12-08,167.0,202.1433402377935,1,4
2024-12-09,164.0,227.20859437790932,1,4
2024-12-10,157.0,151.342616538813,1,4
2024-12-11,192.0,214.67355367256403,1,4
2024-12-12,209.0,224.1082257578434,1,4
2024-12-13,169.0,179.33835038853587,1,4
2024-12-14,184.0,169.76525091649827,1,4
2024-12-15,245.0,221.5363397051397,1,4
2024-12-16,319.0,325.724491964947,1,4
2024-12-17,350.0,304.2724870469012,1,4
2024-12-18,369.0,352.2197939459047,1,4
2024-12-19,357.0,308.40736701917024,1,4
2024-12-20,325.0,355.7171478247821,1,4
2024-12-21,281.0,355.3814781889888,1,4
2024-12-22,449.0,299.590065435635,1,4
2024-12-23,252.0,155.86011575818335,1,4
2024-12-24,221.0,240.67557695007469,1,4
2024-12-25,280.0,241.38077752895924,1,4
2024-12-26,298.0,295.8072550972639,1,4
2024-12-27,349.0,282.72644888578634,1,4
2024-12-28,165.0,175.5204135551379,1,4
2024-12-29,138.0,206.41496733630152,1,4
2024-12-30,201.0,267.24925661956735,1,4
2024-12-31,311.0,280.9127593429047,1,4
2025-01-01,309.0,309.1167340511219,1,4
2025-01-02,362.0,316.84790994687626,1,4
2025-01-03,573.0,330.31441012894385,1,4
2025-01-04,300.0,353.65943751176303,1,4
2025-01-05,250.0,300.86834779000674,1,4
2025-01-06,243.0,310.4464589450173,1,4
2025-01-07,166.0,183.87345173988683,1,4
2025-01-08,189.0,226.625732374602,1,4
2025-01-09,388.0,330.0567386617353,1,4
2025-01-10,250.0,377.9980426682474,1,4
2025-01-11,251.0,253.550397290596,1,4
2025-01-12,131.0,227.42156545865132,1,4
2025-01-13,158.0,139.07594840464836,1,4
2025-01-14,178.0,210.1609756745558,1,4
2025-01-15,314.0,209.5923161538184,1,4
2025-01-16,243.0,268.6023186567993,1,4
2025-01-17,216.0,198.9863201672885,1,4
2025-01-18,274.0,262.3906747785665,1,4
2025-01-19,299.0,219.57173406880523,1,4
2025-01-20,165.0,112.8156703337182,1,4
2025-01-21,134.0,151.65845002378265,1,4
2025-01-22,169.0,155.33966589946553,1,4
2025-01-23,121.0,156.8268715029018,1,4
2025-01-24,123.0,119.42654944886704,1,4
2025-01-25,181.0,162.54813603859395,1,4
2025-01-26,195.0,171.72865968174798,1,4
2025-01-27,210.0,161.53122020171577,1,4
2025-01-28,202.0,185.40425209989587,1,4
2025-01-29,219.0,197.1968871651457,1,4
2025-01-30,231.0,255.6116862253291,1,4
2025-01-31,217.0,257.7675271703454,1,4
2025-02-01,219.0,233.2547785905724,0,4
2025-02-02,197.0,178.72050199120898,0,4
2025-02-03,164.0,111.45347386035932,0,4
2025-02-04,153.0,121.2589619595381,0,4
2025-02-05,177.0,173.85105772508044,0,4
2025-02-06,216.0,133.30871178564925,0,4
2025-02-07,114.0,110.79488474001737,0,4
2025-02-08,155.0,163.64526752803152,0,4
2025-02-09,213.0,143.41322770353003,0,4
2025-02-10,200.0,170.25525724147798,0,4
2025-02-11,184.0,131.71485485487094,0,4
2025-02-12,81.9,95.55975311552253,0,4
2025-02-13,120.0,85.76222461987597,0,4
2025-02-14,124.0,128.46735370090786,0,4
2025-02-15,106.0,120.63973947543082,0,4
2025-02-16,158.0,133.43672642014695,0,4
2025-02-17,143.0,129.12973050658712,0,4
2025-02-18,227.0,128.0059640255968,0,4
